{
  "project_info": {
    "project_number": "815275550048",
    "firebase_url": "https://gohotel-3a9fc.firebaseio.com",
    "project_id": "gohotel-3a9fc",
    "storage_bucket": "gohotel-3a9fc.appspot.com"
  },
  "client": [
    {
      "client_info": {
        "mobilesdk_app_id": "1:815275550048:android:997de3069f2f75aaad6a05",
        "android_client_info": {
          "package_name": "com.example.hotel"
        }
      },
      "oauth_client": [
        {
          "client_id": "815275550048-f5i2pbo0usj5hn6ihh38v3ig2q9os6e1.apps.googleusercontent.com",
          "client_type": 3
        }
      ],
      "api_key": [
        {
          "current_key": "AIzaSyCR1FzCzdLWXOYFK6E1wyO5WDsYDxLGBI0"
        }
      ],
      "services": {
        "appinvite_service": {
          "other_platform_oauth_client": [
            {
              "client_id": "815275550048-f5i2pbo0usj5hn6ihh38v3ig2q9os6e1.apps.googleusercontent.com",
              "client_type": 3
            }
          ]
        }
      }
    }
  ],
  "configuration_version": "1"
}